itemid,nama,harga,rating
1945979180,Sepatu Sneakers Pria Vans Old Skool Black White TANPA BOX,4400000000,4.401108203786363
5515635728,SALE ‼‼   ORIGINAL 100%  VANS OLD SKOOL BLACK/WHITE,39900000000,4.8544336237826755
1945979180,Sepatu Sneakers Pria Vans Old Skool Black White TANPA BOX,4400000000,4.401108203786363
13311983375,SEPATU SNEAKERS PRIA VANS OLD SKOOL FULL BLACK PREMIUM BNIB IMPORT QUALITY MADE IN CHINA (BISA COD),2250000000,5
3457414358,Sepatu Sneakers Vans Old Skool Black White(Bayar Ditempat),5200000000,4.644444444444445
6161582085,(2PCS = 1KG) VANS_99 OLDSKOOL HITAM NAVY MAROON GREY GRADE ORI PREMIUM,3900000000,4.545547073791349
5744213179,sepatu vans old skool,4500000000,4.5784158415841585
10578061699,Sepatu Vans Slip On Mono OG Checkerboard Black White PREMIUM BNIB,9800000000,4.596091205211726
7717402585,Sepatu hitam -sepatu pria- vans -nike-sneakers pria -sepatu santai-sepatu kerja -sepatu murah,3900000000,4.308691308691309
5060133084,( FREE GANTUNGAN KUNCI ) SEPATU VANS OLDSKOOL PREMIUM SNEAKERS OLDSCHOOL PRIA WANITA - osbw1,14900000000,4.768654114365411
4720661306,(100% IMPORT) Sepatu Vans Import Vans Oldskool Black White Og Ivory Old skool Premium Grade Ori,14500000000,4.810511756569848
7915635815,ORIGINAL‼‼      VANS SLIP ON CHECKERBOARD BLACK/WHITE ORIGINAL,37500000000,4.836716681376876
3183147046,Sepatu Pria Kets Sneakers Vans Authentic Murah,17000000000,4.975
4337031050,SEPATU VANS PRIA AUTHENTIC SNEAKERS OLDSKOOL MARIO RASTA MOTIF CASUAL SEPATU TERMURAH V01,7250000000,4.644716692189893
8818659023,SEPATU VANS OLDSKOOL BLACK WHITE AND NAVY WHITE PRIA WANITA SNEAKERS PREMIUM VANS,2699900000,4.372262773722627
2403153376,Sepatu Vans Oldskool Black White OG Size 36-43 Premium Quality Made In China BNIB,13990000000,4.777981651376146
4574028565,( FREE KAOS KAKI ) COD SEPATU VANS OLDSKOOL PREMIUM SNEAKERS OLDSCHOOL BLACK WHITE PRIA WANITA COD,11000000000,4.8
10069104087,100% Import Vans Oldskool Ivory Black White (Bonus seperti yg ada di Foto),19000000000,4.729824561403508
5013577407,SEPATU VANS OLD/SEPATU PRIA DAN WANITA/SEPATU MURAH,3375000000,4.654822335025381
14828017331,Vans Old Skool Style 36 Decon SF Woven Checkerboard Multi,47120000000,0
4659366353,SEPATU VANS OTENTIK PUTIH SEPATU PRIA DAN SEPATU WANITA kanvas SIZE 36-44,7500000000,4.6203042951393565
10729278101,PROMO!! SEPATU VANZ AUTHENTIC FULL HITAM POLOS ORIGINAL/SEPATU PRIA VANS KASUAL HITAM,3500000000,4.5602605863192185
5268070775,SEPATU SNEAKERS CASUAL PRIA KEREN VANS AUTHENTIC HITAM GUM SOL GUM SNEAKERS PRIA AUTHENTIC,7850000000,4.456014362657092
9495987439,sepatu vans slop grade original sepatu sneakers pria,2300000000,4.916666666666667
6832521895,SEPATU43 VANS AUTHENTIC FULL BLACK HITAM COKLAT OLDSKOOL ERA SK8 PREMIUM BNIB ICC IFC DT,7000000000,4.568990736226231
8689991479,SEPATU VANS ORIGINAL OLD SKOOL TERBARU PRIA WANITA / SEPATU SNEAKERS VANS AUTHENTIC,6600000000,4.625
4035856262,SEPATU VNS MONO BLACK PRIA DAN WANITA,9800000000,4.648258283772303
11217802558,Vans Old Skool original Sepatu Vans Original Sneakers Old School Premium,11050000000,4.735849056603773
4583833668,SEPATU VANS SLIP ON OG CHECKERBOARD | SEPATU PREMIUM - sockog,13500000000,4.704918032786885
10419943739,VANS OLDSKOOL ABU ABU,12500000000,4.25
6475929287,Langsung Siap Di Kirim Sepatu Vans Oldskool Bw N All White Sket Sekolah Olahraga Santai Murah,4400000000,4.316155988857939
6257860970,Bonus Totebag Dan Kaos Kaki - Sepatu Sneakers Pria Wanita Vans Oldskool X Spongebob Squarepants Nickelodeon Black White Import Premium Bnib,22000000000,4.638709677419355
3691687058,Sepatu Vans Pria Sepatu Cowok Vans Sepatu Vans Wanita Sepatu Sneakers Vans Sepatu Terlaris Termurah,7899900000,5
7969937356,Sepatu VANS OLDSKOOL OG Black White Waffle Premium,9400000000,4.67807486631016
13616460294,Paket 100% Import Sepatu Vans Slip On Mono Checkerboard  + Kaos Kaki  / Vans Slip-On Checkerboard Black-White OG / Vans Slip On Catur OG Terlaris Premium Hight Quality,14100000000,4.862573099415204
7912009283,vans old skool sepatu wanita sneakers hitam,3900000000,4.50627195183141
5979038944,Sepatu Vans Oldskool/sepatu wanita/sepatu pria 100% real pecture,8000000000,4.327102803738318
6680812281,(PREMIUM) Sepatu Converse 70s High Egret Black White,14900000000,4.748237663645519
4372159544,Vans Sepatu Vans Old School Vans Original Black White Chekerboad Navy Maroon Classic Pria Wanita,11401000000,4.705211973864154
2708295135,Vans slip on checkerboard black white global original,54700000000,4.7957446808510635
3003302968,Sepatu Vans old Skool Premium grade ori Terlaris,7500000000,4.820278969957082
4470964689,PREMIUM sepatu vans oldskool OG bonus banyak - Promo Mega SALE,12150000000,4.777611940298508
1393736685,Sepatu Pria Vans Authentic / Oldskool Classic Kasual Kets Sekolah Sepatu Sneakers Tali Termurah,4400000000,4.482758620689655
12816488155,Sepatu Vans Slip-On X Moma / Vans Moma Terlaris Premium Hight Quality / Vans Moma Waffle DT / Vans Import Murah /Vans Moma Black / Moma Slip On Hitam Termurah,12700000000,4.851485148514851
12411992399,SEPATU SNEAKERS PRIA VANS OLD SKOOL WHITE PREMIUM BNIB IMPORT QUALITY MADE IN CHINA (BISA COD),27800000000,5
8981411011,Sepatu Pria Sepatu Sport Sneaker Pria Terbaru Sneakers Pria Wanita Sepatu Vans,2800000000,4.523809523809524
4978724765,Sepatu Sneakers Old Skool Black White Vns slip on Motif catur bw Vans SK Delapan Low COD,5500000000,4.549153549153549
6964214232,sepatu VANS oldschool (PREMIUM QUALITY),800000000,4.329787234042553
2972194822,Javashoes75 Sepatu Sneaker Kasual Pria Vans Fashion,4750000000,4.266666666666667
5560137521,(BISA COD - FREE GANTUNGAN KUNCI) Sepatu Vans Authentic Black White - Sneakers Vans Authentic aubw,14500000000,4.786331349587253
9469451087,( GRADE SEMI DOUBLE OG ) Vans AUTENTIC BNIB Black White OG,12000000000,4.620253164556962
6592566992,Sepatu Sneakers Kasual Sepatu Sekolah Hitam santai,5500000000,4.6253561253561255
9731374833,[sale] vans oldskool OG + classic black white || premium import high quality,6550000000,4.266666666666667
5541290807,SEPATU VANS AUTHENTIC MAROON GUM 100% PREMIUM BNIB MADE IN CHINA SEPATU WANITA SNEAKERS TERLARIS COD,16740000000,4.65
4554580794,SEPATU VANS OLD SKOOL SEPATU CASUAL PRIA SEPATU PRIA CASUAL SEPARU PRIA KEREN SEPATU SANTAI,7500000000,4.657882352941177
8731087308,SEPATU PREMIUM- SEPATU OLDSKOOL BLACK WHITE - SNEAKERS V4NS OLD SKOOL PREMIUM MURAH BERKUALITAS,4400000000,4.552631578947368
6964214232,sepatu VANS oldschool (PREMIUM QUALITY),800000000,4.329787234042553
1774921901,Vans Authentic Black White Original Premium BNIB,28500000000,4.672
15618405274,Sepatu Sneakers Old Skool Black White Vns slip on Motif catur bw Vans SK Delapan Low COD,14990000000,5
4035856262,SEPATU VNS MONO BLACK PRIA DAN WANITA,9800000000,4.648258283772303
9774808486,FREE KAOS KAKI SEPATU SNEAKERS VANS OLD SKOOL (GREED ORI),4845000000,3.4545454545454546
7741973121,Leedoo Sepatu Sneakers Casual Pria Lentur Sport Fashion Hitam MR109,9700000000,4.804260985352863
5060133084,( FREE GANTUNGAN KUNCI ) SEPATU VANS OLDSKOOL PREMIUM SNEAKERS OLDSCHOOL PRIA WANITA - osbw1,14900000000,4.768654114365411
5513088384,[PROMO] SEPATU VANS PRIA WANITA SK8 MOTIF DT VANS TINGGI OLDSKOOL UNTUK SEKOLAH KULIAH,8500000000,4.297872340425532
9663518058,Sepatu Vans Old Skool full black / sepatu sekolah / sepatu casual / sepatu skate / vans hitam polos,5000000000,4.231433506044905
11244612309,Sepatu Vans Era Authentic Sepatu Hitam Polos Pria dan Wanita Sepatu Murah,6000000000,4.224137931034483
3014553240,SEPATU VANS PREMIUM PROMO PRIA WANITA SEPATU OLD_SCHOOL OF WHITE SEPATU KULIAH TERBARU DAN TERMURAH,7300000000,4.5
5252747625,Original Vans Old Skool Pro “ Black / White / Medium Gum .,60000000000,4.9
11809916177,VANS ORIGINAL OLDSCOL PETIR SEPATU SNEAKERS RAINBOW PREMIUM TERBARU DAN TERMURAH,6750000000,4.426666666666667
5058199684,(BISA COD) VANS OLDSKOOL OG PREMIUM IMPOR,17500000000,4.744
6254433379,sepatu Vans old skool Fetino sepatu kasual pria wanita /Autentik Fans / Vens Fatino terbaik terlaris,5500000000,4.574770642201835
13729609290,SEPATU SNEAKERS VANS OLDKSOOL X SPONGEBOB SQUAREPANTS GIGLIOTTI BLACK IMPORT PREMIUM KODE WAFFLE DT,25000000000,4.7272727272727275
9558093627,Sepatu Vans Old Skool Abu/Sepatu Sneakers Vans PRIA-WANITA,8500000000,4.466666666666667
9344089409,Sepatu Vans Odskool OG Black White Ori / Sneakers Vans Odskool OG Original,12200000000,4.651651651651652
3710088712,SEPATU PRIA WANITA VANS ERA AUTHENTIC BLACK WHITE MERAH NAVY FULL BLACK With Box ORIGINAL,4875000000,4.123430962343096
7392485562,Sepatu Vans Oldskool OG Black White Premium BNIB Made in Cina,8000000000,4.800492610837439
1935041999,"Vans Oldskool Wanita. Vans Peach, Vans Hitam Pink, Vans Cream, Vans Ukuran 36-40. Grade Ori",10890000000,4.561538461538461
2752009731,SEPATU VANS OLDSKOOL STYLE 36 VAULT LX MODERNICA,38000000000,4.818181818181818
8258559747,[ FREE GIFT ] Sepatu Vans Sneakers Old Skool Sepatu Pria dan Wanita Putih Polos,7625000000,4.6923076923076925
4934433832,Maxius Footwear Sepatu  Clasic Cave Black White,17900000000,4.710743801652892
9466030783,Paket 100% Import Vans Slip On Mono Checkerboard  + Tote Bag Vans,17500000000,4.733585262163439
8322004665,(SALE) Vans Sidewall Chekerboard Classic Original,60000000000,4.7
5237174964,SEPATU VANS PRIA AUTHENTIC OLDSKOOL SEPATU CASUAL PRIA SPIDERMAN MARVEL MARIO BAPE V02,7192800000,4.67
3016484562,VANS AUTENTIC FULL WHITE | WAFFLE DT VANS OLD SKOOL VANS AUTHENTIC SEPATU KASUAL PRIA SNEAKERSWANITA,5500000000,4.142857142857143
12403876249,Sepatu Vans Oldskool Sepatu Sneakers Pria Wanita Sepatu Checkboard Putih Hitam,6100000000,5
6255215101,SEPATU VANS OLD SKOL OG BLACK WHITE PRO SEPATU PRIA&WANITA PREMIUM,11900000000,4.615141955835962
8930804402,Sepatu Vans Slip On Motif Checkerboard Crazy World | Sneakers Kasual Slop Catur Pria Wanita Premium Murah,12200000000,4.74468085106383
8321340261,(SUPER PREMIUM) SEPATU VANS OLDSKOOL CLASSIC BLACK/WHITE (FREE WAIST BAG/TAS PINGGANG VANS) - osbw2,24900000000,4.791560102301791
8935820923,SEPATU VANS SLIP ON CASUAL PRIA DAN WANITA SIZE 36-44,10763900000,4.65
2882960793,Panarybody Sneakers Sepatu Pria Sepatu Olahraga Laki-lai Impor Sepatu Brand Sneakers Cowok 39-44,16900000000,4.848184818481848
4867186964,SEPATU SLIPON VANS OG CHECKERBOARD PREMIUM IMPORT. SEPATU PRIA PREMIUM. SEPATU SLIPON PRIA MURAH,11990000000,4.6440366972477065
4205480632,Sepatu Pria Sneakers Vans Oldskool Vault Og X Porter Yoshida Forest Night Black Orange,23000000000,4.553191489361702
9733964252,SEPATU PREMIUM VANS SLIPON OG CHECKERBOARD BLACK WHITE - VANS SLIP ON OG CATUR PRIA WANITA | #BRANDSALE SOCKOG,13000000000,4.769720101781171
8324738131,SEPATU VANS ORIGINAL PREMIUM PRIA WANITA CREAM/SEPATU KEREN/SEPATU BERKUALITAS/SEPATU TERLARIS,14000000000,4.833333333333333
8562084457,COD PROMO SEPATU VANS OLDSKOOL HITAM SEPATU PRIA SEPATU WANITA SEPATU SEKOLAH TERLARIS SEPATU MAIN,4500000000,4.342105263157895
4177482688,MS - Sepatu Sneakers Murah Pria Dewasa Vans Authentic Navy Kasual Bertali Skate Sekolah Kuliah Keren,5000000000,5
1431441191,Sepatu Vans Oldskool Black White Size 36-44 Premium Quality Made In China,13790000000,4.709826056905887
7601190383,Vans Oldskool X Toy Story Sepatu Sneakers Pria Canvas Black Premium Import,34200000000,4.878787878787879
5339695385,COD Sepatu Vans Oldskool Bw N All White Sket Sekolah Olahraga Santai Sport Sneakers - vans patta,9250000000,4.285714285714286
10161376191,Vans Clasic Old Skool original Sepatu Vans Original Sneakers Old School Premium,11050000000,4.617021276595745
